{
  "hash": "5050c48d",
  "browserHash": "8e090cb8",
  "optimized": {
    "vue": {
      "src": "../../../node_modules/.pnpm/vue@3.2.47/node_modules/vue/dist/vue.runtime.esm-bundler.js",
      "file": "vue.js",
      "fileHash": "4efb6ce5",
      "needsInterop": false
    },
    "@waline/client/component": {
      "src": "../../../node_modules/.pnpm/@waline+client@2.14.9/node_modules/@waline/client/dist/component.mjs",
      "file": "@waline_client_component.js",
      "fileHash": "58d43618",
      "needsInterop": false
    },
    "@vueuse/core": {
      "src": "../../../node_modules/.pnpm/@vueuse+core@9.13.0_vue@3.2.47/node_modules/@vueuse/core/index.mjs",
      "file": "@vueuse_core.js",
      "fileHash": "0bbed995",
      "needsInterop": false
    },
    "@waline/client/pageview": {
      "src": "../../../node_modules/.pnpm/@waline+client@2.14.9/node_modules/@waline/client/dist/pageview.mjs",
      "file": "@waline_client_pageview.js",
      "fileHash": "483160a5",
      "needsInterop": false
    },
    "body-scroll-lock": {
      "src": "../../../node_modules/.pnpm/body-scroll-lock@4.0.0-beta.0/node_modules/body-scroll-lock/lib/bodyScrollLock.esm.js",
      "file": "body-scroll-lock.js",
      "fileHash": "be724507",
      "needsInterop": false
    }
  },
  "chunks": {
    "chunk-H5BRJQS6": {
      "file": "chunk-H5BRJQS6.js"
    },
    "chunk-GOZHMCMR": {
      "file": "chunk-GOZHMCMR.js"
    },
    "chunk-T2T6Q22Z": {
      "file": "chunk-T2T6Q22Z.js"
    }
  }
}